,name,size_of_the_bottle,MRP_of_the_bottle,price_of_the_bottle,1mg_url,rating,number_of_rating,brand_name,key_benefits,key_ingredients
0,Dr Willmar Schwabe India Berberis Aquifolium Mother Tincture Q,30 ml,231,196.0,https://www.1mg.com/otc/dr-willmar-schwabe-india-berberis-aquifolium-mother-tincture-q-otc390797,4.3,985,Dr Willmar Schwabe India Pvt Ltd,"['It helps improve mood and energy levels', 'Relieves itchy scalp and severe headache accompanied by acidity and nausea', 'Helps reduce eruptions of pimples on the face', 'Soothes itchy, burning eyes with blurred vision and clears redness of the eyes', 'Improves digestion and defecation', 'Relieves burning sensation in the urine or decreased urine frequency', 'Reduces stiffness in legs and soothes the pain', 'Helpful in alleviating skin issues like dry eczema, psoriasis, and glandular swellings']",[]
2,Dr. Reckeweg R78 Eye Care Drop | For Eye Care,22 ml,285,271.0,https://www.1mg.com/otc/dr.-reckeweg-r78-eye-care-drop-for-eye-care-otc327376,4.5,168,Dr Reckeweg & Co,"['Dr. Reckeweg R78 Eye Care Drop is beneficial for relieving eye-related issues such as eyestrain and conjunctivitis', 'It helps in reducing irritation in the mucous membrane, ulcerous cornea, and swelling of eyelids with discharge', 'It contains Euphrasia which helps in reducing eye strain and manages intraocular pressure, lacrimation and blepharitis']","['Aconitum', 'Euphrasia', 'Belladonna', 'Hamamelis', 'Kalium carbonicum', 'Mercurius bijodatus']"
4,Hapdco Rheumacon Pain Relief Oil,60 ml,175,164.0,https://www.1mg.com/otc/hapdco-rheumacon-pain-relief-oil-otc659823,4.4,281,HAPDCO,"['Relaxomuv Balm relieves nasal and chest congestion for easy breathing', 'It alleviates headaches and body aches associated with the common cold', 'It provides effective relief from a stuffy nose, promoting clearer airways', 'It combats itchiness, ensuring a soothing experience', 'It eases muscular aches and pains, contributing to overall relaxation']","['Peppermint, Kapoor, Gandhapuro tail, Nilgiri Tail, Chah tail, Ganjani tail']"
6,Fourrts Gum Forte Gel Homoeopathic Toothpaste,100 gm,100,100.0,https://www.1mg.com/otc/fourrts-gum-forte-gel-homoeopathic-toothpaste-otc226835,4.6,267,Fourrts India Laboratories Pvt Ltd,"['It is also used in cases of gingivitis (gum infection) and pyorrhoea', 'It is used to strengthen the teeth and germs', 'Regular brushing with gum forte gel prevents and fights further accumulation of plaque that eventually form tough calculus called tartar']","['Plantago Q', 'Kreosotum Q', 'Calendula Q', 'Borax 6x Gel base tooth paste']"
8,SBL Jaborandi Hair Oil,200 ml,270,270.0,https://www.1mg.com/otc/sbl-jaborandi-hair-oil-otc329035,4.4,337,SBL Pvt Ltd,"['Nourishes hair roots', 'Strengthens hair and prevents hair fall', 'Protects hair from damage leaving the hair clean, smooth, silky, manageable and healthy', 'Rejuvenates scalp and stimulates hair follicles', 'Controls dandruff and promote hair growth', 'Strengthen and replenish hair lost lustre and vitality, bring shine', 'Increases hair density, add bounce and volume to hair', 'Nourishes hair by toning up the circulation of scalp', 'Prevents premature greying of hair', 'Treats itching of the scalp (scratching sensation) and eczema of head, psoriasis or dandruff']",['Extract of Jaborandi herb']
10,"SBL Cineraria Maritima 10% Eye Drop | For Clouding of Vision, Haziness & Eye Care",10 ml,135,129.0,https://www.1mg.com/otc/sbl-cineraria-maritima-10-eye-drop-for-clouding-of-vision-haziness-eye-care-otc329014,4.5,377,SBL Pvt Ltd,"['The drops can be beneficial for the first signs of cataract', 'It may alleviate clouding of vision and double vision', 'It might improve poor night vision and fading of colour', 'It can improve vision when there is a halo around lights']","['Cineraria maritima', 'Glycerinum', 'Phenyl Mercuric Nitrate', 'Aqua Distilled']"
12,ADEL Diacard Gold Madaus Drop Homeopathic Medicine,25 ml,575,472.0,https://www.1mg.com/otc/adel-diacard-gold-madaus-drop-homeopathic-medicine-otc326050,4.6,470,Adel Pekana Germany,"['Provides relief from heart complaints in older adults', 'Relieves heart palpitation and irregular heartbeat', 'Can help with circulatory instability during menopause', 'Helps relieve fatigue, lightheadedness and tiredness']","['Cactus grandiflorus.2X, Crataegus, Strophantus 4X, Camphora 2X, Aether, Sulfuricus. 1X, Aurum. Mur. Natr. 4X, Valeriana, Alcohol']"
14,Bjain Guatteria Gaumeri Drop,30 ml,365,307.0,https://www.1mg.com/otc/bjain-guatteria-gaumeri-drop-otc327159,4.6,340,Bjain Pharmaceuticals Pvt. Ltd.,"['It helps reduce bad cholesterol in the body', 'Reduces lipid and fat content in the blood', 'Beneficial for dealing with anorexia and abdominal distention']","['Guatteria Gaumeri', 'Alcohol']"
16,SBL Sarracenia Purpurea Dilution 1000 CH,30 ml,140,140.0,https://www.1mg.com/otc/sbl-sarracenia-purpurea-dilution-1000-ch-otc358168,4.7,29,SBL Pvt Ltd,"['It helps relieve throbbing headaches and pain throughout the body', 'Alleviates pain in the eyes, swelling, and soreness', 'Aids in reducing pain associated with rheumatism and arthritis', 'Improves the condition of skin eruptions']",[]
18,Dr. Reckeweg Calcarea Phosphorica Biochemic Tablet 6X | Supports Strong Teeth & Bones | For Pain Relief,20 gm,200,168.0,https://www.1mg.com/otc/dr.-reckeweg-calcarea-phosphorica-biochemic-tablet-6x-supports-strong-teeth-bones-for-pain-relief-otc325463,4.7,1180,Dr Reckeweg & Co,"['Patients who have a vulnerability to glandular and bone diseases, in teenagers who have less height, problems that arise due to inappropriate intake of calcium, milk or diet can be benefited after taking calcarea phosphorica', 'Benefits children with the slow development of teeth, having a tendency to form curves of the bones, spinal curvature where development of spine is slow and the child needs support while sitting', 'Used to prevent teething problems in infants', 'Helps to prevent difficulties related to teething like diarrhoea, loss of appetite, low-grade fever, irritability and biting', 'It supports pain relief and helps in recovery from fracture, anaemia, and calcium-related deficiencies']",['Calcarea Phosphorica']
20,Dr. Reckeweg R41 Sexual Neurasthenia Drop,22 ml,285,239.0,https://www.1mg.com/otc/dr.-reckeweg-r41-sexual-neurasthenia-drop-otc327434,4.1,1694,Dr Reckeweg & Co,"['Agnus castus helps relieve physical exhaustion and weakness', 'Conium can help ease irritation and improve lack of concentration', 'Damiana helps strengthen the genital area', 'Phosphorus helps improve lack of power and performance', 'Sepia can help enhance cellular function and eliminate fatigue and aversion']","['Acidum phosphoricum, Agnus castus, China, Conium, Damiana, Phosphorus, Sepia, Testis, Aqua, Ethanol']"
22,Dr Willmar Schwabe India Thyroidinum Trituration Tablet 3X,20 gm,200,168.0,https://www.1mg.com/otc/dr-willmar-schwabe-india-thyroidinum-trituration-tablet-3x-otc324953,4.6,438,Dr Willmar Schwabe India Pvt Ltd,"['It helps regulate the hormones and revitalises the body', 'Helps decrease muscle weakness and fatigue', 'Useful for thyroid disorders involving the eyes like exophthalmia', 'Improves mood and keeps the digestive system healthy']",['Thyroidinum 3X']
24,Bakson's Homeopathy Y-Lax Tablet,41 gm,215,177.0,https://www.1mg.com/otc/bakson-s-homeopathy-y-lax-tablet-otc400769,4.5,916,Bakson Drugs & Pharmaceuticals Pvt. ltd.,"['Y Lax tablets have strong laxative action that alleviates hard stools, relieves constipation, and tone up the intestines', 'It regulates bowel movements and helps ease strain during defecation', 'Y Lax tablets provide relief from itching', 'Reduces abdominal pain and flatulence', 'These homoeopathic tablets for constipation are useful for constipated bowels, muscular weakness with colic flatulence']","['Phenolphthalein 1x', 'Senna 1x', 'Sulphur 1x']"
26,SBL Stobal Cough Syrup,180 ml,175,158.0,https://www.1mg.com/otc/sbl-stobal-cough-syrup-otc328988,4.6,1757,SBL Pvt Ltd,"['It is a highly efficacious remedy for acute catarrhal conditions of the respiratory tract', 'It acts on dry coughs aggravated by inspiring cold air, which causes stringy and tough expectoration', 'It reduces spasmodic irritation of the chest', 'It is a homeopathy cough medicine in dry and wet cough, removes phlegm and relieves difficulty in swallowing']",[]
28,Dr. Reckeweg Berberis Vul Mother Tincture Q | For Liver Care,20 ml,270,243.0,https://www.1mg.com/otc/dr.-reckeweg-berberis-vul-mother-tincture-q-for-liver-care-otc327784,4.5,1004,Dr Reckeweg & Co,"['It provides relief from painful and bloody urination', 'Helps reduce pain in the legs and back', 'Relieves inflammation and discomfort in the abdomen', 'Helps deal with uterine and vaginal disorders']",['Berberis Vulgaris']
30,"Dr. Reckeweg R73 Joint Pain Drop | Bone, Joint & Muscle Care",22 ml,285,234.0,https://www.1mg.com/otc/dr.-reckeweg-r73-joint-pain-drop-bone-joint-muscle-care-otc327364,4.5,938,Dr Reckeweg & Co,"['Helps alleviate painful joints and degeneration of the joints', 'Relieves swollen, stiff joints and enhances mobility and comfort', 'Helps with joint deformity caused by paralytic weakness and stiffness', 'Relieves cramping and immobility of the hip area']","['Acidum sulfuricum, Argentum, Arnica, Bryonia, Causticum Hahnemann, Ledum, Alcohol']"
32,Dr Willmar Schwabe India Damiaplant Drop,30 ml,450,338.0,https://www.1mg.com/otc/dr-willmar-schwabe-india-damiaplant-drop-otc325889,4.0,883,Dr Willmar Schwabe India Pvt Ltd,"['It helps increase energy levels and elevate mood', 'Deals with nervous depression and helps enhance libido ', 'It helps prevent involuntary emission during urination or defecation']",[]
34,SBL Arnica Montana Hair Oil with Tjc,200 ml,160,160.0,https://www.1mg.com/otc/sbl-arnica-montana-hair-oil-with-tjc-otc330951,4.3,759,SBL Pvt Ltd,"['Arnica montana hair oil helps in reducing dandruff and the itching due to dandruff', 'It helps strengthen the roots of the hair and thus strengthens and manages excessive hair fall', 'It is recommended to use Arnica hair oil for hair loss that may be caused due to any reason', 'Jaborandi helps in maintaining darker hair', 'Cantharis strengthens the hair and manages hair fall', 'Thuja induces hair growth in hair follicles and reduces scaly dandruff', 'China regulates blood circulation and acts as a stimulant', 'Calendula acts as an antiseptic for scalp infections and promotes hair growth', 'Arnica stimulates hair growth and clears dandruff']",[]
36,Hivet Leucocin Syrup,100 ml,180,175.0,https://www.1mg.com/otc/hivet-leucocin-syrup-otc964420,0.0,0,Gurudev Veterinaries,"['Supports female reproductive system wellness', 'Assists in managing leucorrhea symptoms', 'Controls excessive white discharge', 'Improves intimate region health and overall wellness']",[]
38,SBL Scalptone Tablet,25 gm,165,162.0,https://www.1mg.com/otc/sbl-scalptone-tablet-otc326111,4.3,477,SBL Pvt Ltd,"['Regular use helps manage and prevent hair falling', 'It reduces dandruff, irritation and redness of the scalp', 'This tablet helps manage itching of the scalp and eczema', 'Effective for managing baldness, thinning and splitting of hair', 'These tablets have no known contraindications']","['Acidum fluoricum 3x', 'Acidum phosphoricum 3x', 'Natrum muriaticum 3x', 'Calcarea phosphorica 3x', 'Badiaga 3x']"
40,Sett Dey Chininum Arsenicicum Dilution 200,30 ml,90,82.8,https://www.1mg.com/otc/sett-dey-chininum-arsenicicum-dilution-200-otc903605,0.0,0,Sett Dey & Co (Homeo) Lab,"['Effective in reducing weakness and prostration', 'Helps in relieving throbbing pain in the head', 'Helps in reducing the increased secretion of acid in the stomach', 'Useful in loss of appetite', 'Effective in managing Severe palpitation of the heart']",[]
42,Dr Bakshi's Flower Remedies Red Chestnu 30,30 ml,150,146.0,https://www.1mg.com/otc/dr-bakshi-s-flower-remedies-red-chestnu-30-otc975029,0.0,0,Bakson Drugs & Pharmaceuticals Pvt. ltd.,"['Red chestnut essence helps to soothe anxieties, fostering emotional equilibrium and stability', 'This remedy assists in coping with the stress without becoming overwhelmed or excessively anxious', 'Red Chestnut essence encourages a sense of inner tranquillity and serenity', 'By addressing underlying emotional imbalances, red chestnut remedy contributes to holistic well-being and mental health']",['Red Chestnut']
44,Bjain Acidum Muriaticum Globules 0/29 LM,6 gm,85,74.7,https://www.1mg.com/otc/bjain-acidum-muriaticum-globules-0-29-lm-otc824400,0.0,0,Bjain Pharmaceuticals Pvt. Ltd.,"['It is useful in conditions where the patient is irritable and restless, and sad', 'It helps manage vertigo with a heavy feeling in the occiput that worsens when lying on the right side', 'It is beneficial in preventing haemorrhages upon sneezing', 'It helps relieve dry and cracked lips and falling of lower jaw', 'It reduces fetid breath, ulcers and dryness of the tongue', 'It is helpful in cases of diphtheria, with swollen uvula, spasms and choking', 'It helps reduce the desire for drinks, unable to tolerate meat', 'It helps manage haemorrhoids with extreme sensitivity to touch, involuntary stool when passing urine, itching and pain and haemorrhoids during pregnancy', 'It is useful at the time of menstruation with soreness in the anus', 'It helps manage rapid and feeble pulse', 'It is helpful in heavy and weak feelings in extremities', 'It is also useful in bleeding discharges, bed sores, and rapid and feeble pulse', 'It helps reduce eruptions with itching, carbuncles and foul smelling ulcers and eczema']",['Acidum muriaticum']
46,Bjain Azadirachta Indica Globules 0/26 LM,6 gm,85,79.0,https://www.1mg.com/otc/bjain-azadirachta-indica-globules-0-26-lm-otc964958,0.0,0,Bjain Pharmaceuticals Pvt. Ltd.,"['It may help in managing skin irritation with intense itching and redness', 'It may help in managing pains in the back, shoulders, and hands with fingers', 'This formulation can help in managing concerns associated with oral hygiene such as bleeding gums, oral infections, and bad breath']",[]
48,Bjain Dioscorea Villosa Globules 0/30 LM,6 gm,85,74.7,https://www.1mg.com/otc/bjain-dioscorea-villosa-globules-0-30-lm-otc833449,0.0,0,Bjain Pharmaceuticals Pvt. Ltd.,"['Effective for digestive disorders like flatulence, dysentery, colic and indigestion', 'Helps to improve heart health by dealing with angina', 'Helps to improve skin health by reducing pimples and acne', 'Useful in relieving abdominal pains and cramps', 'Beneficial for conditions of piles and rheumatic disorders']",['Dioscorea villosa']
50,Radient 68 Slim Fit Drops,30 ml,130,126.0,https://www.1mg.com/otc/radient-68-slim-fit-drops-otc801907,0.0,0,Radient Pharma,"['It is useful for obesity, tendency to put on weight due to faulty glandular secretion, incipient goitre', 'It helps in reducing of glandular secretion and weight increment', 'It helps in controlling the disturbed activity of glandular secretion']","['Phytolacca berry q', 'Fucus vesiculosus q', 'Graphites 3x', 'Calcarea carbonica 3x', 'Spongia tosta 3x', 'Croton tiglium 3x', 'Natrum sulphuricum 3x']"
52,SBL Arsenicum Album 0/5 LM,20 gm,200,200.0,https://www.1mg.com/otc/sbl-arsenicum-album-0-5-lm-otc360866,4.7,22,SBL Pvt Ltd,"['It provides relief from acidity and indigestion', 'It is also helpful in relieving stress and anxiety', 'Relives anxiety related to recurrent health problems by preventing them', 'Helps in treating respiratory ailments such as cough, wheezing and breathing difficulties', 'Helps in healing skin related ailments such as Oedema, swelling, ulcers and pustules', 'Useful in treating fever and wekaness caused due to it']",[]
54,Wheezal Gelsemium Sempervirens Globules 0/2 LM,20 gm,180,174.0,https://www.1mg.com/otc/wheezal-gelsemium-sempervirens-globules-0-2-lm-otc892921,0.0,0,Wheezal Homoeo Pharma,"['It helps in relieving muscular weakness, osteoporosis and rheumatic pain in the body', 'It is an effective remedy and aid for vertigo and headaches and also helps with migraines', 'It also helps with fevers that chill up and down the spine and exhaustion']",['Gelsemium Sempervirens']
56,Wheezal Chininum Sulphuricum Globules 0/10 LM,20 gm,180,174.0,https://www.1mg.com/otc/wheezal-chininum-sulphuricum-globules-0-10-lm-otc890351,0.0,0,Wheezal Homoeo Pharma,"['This medicine can be effective in ailments associated with malaria and pains associated with rheumatism and arthritis', 'It may be used for the sensitive spine with chronic pain or pressure', 'This homoeopathy medicine helps to reduce pain in the cervical vertebrate which extends to the head and neck', 'It helps to manage urinary disorders such as dark, blood urine with increased uric acid in the urine and increased flow and frequency']",['Chininum Sulphuricum']
58,Pioneer Pharma Antimoniu Tartaricum Globules Pellets Multidose Pills 1000 CH,150 tablets,150,150.0,https://www.1mg.com/otc/pioneer-pharma-antimoniu-tartaricum-globules-pellets-multidose-pills-1000-ch-otc904831,0.0,0,Homeotrade,"['It helps in reducing weakness and exhaustion', 'It improves respiratory functions', 'It provides effective relief from feeble the cough and helps in clearing congestion in the chest', 'It helps in conditions such as drowsiness and shortness of breath', 'It is also effective in managing symptoms of bronchitis']",[]
60,Dr Willmar Schwabe India Hekla Lava Dilution 12 CH,30 ml,125,125.0,https://www.1mg.com/otc/dr-willmar-schwabe-india-hekla-lava-dilution-12-ch-otc403736,4.6,27,Dr Willmar Schwabe India Pvt Ltd,"['Used for toothache and gum abscess', 'Relieves neruralgi pain in the face', 'Primarily used for bone diseases in the body', 'Effective against necrosis']",[]
62,Wheezal Calcarea Phosphorica Dilution CM,30 ml,335,311.0,https://www.1mg.com/otc/wheezal-calcarea-phosphorica-dilution-cm-otc932907,0.0,0,Wheezal Homoeo Pharma,"['It is used for psychological conditions', 'It helps manage calcium deficiency ', 'It helps manage bone and joint pain ']",['Calcarea Phosphorica']
64,Pioneer Pharma Plantago Q Mother Tincture,100 ml,230,177.0,https://www.1mg.com/otc/pioneer-pharma-plantago-q-mother-tincture-otc920348,0.0,0,Homeotrade,"['Pioneer pharma plantago q mother tincture helps to condition wounds and cuts on the skin', 'It effectively manages skin conditions such as acne and scars', 'This homoepathy solution is used as a laxative to improve digestion and increase appetite', 'It is also used to manage diarrhoea, gastritis, colitis and related digestive ailments', 'It manages bronchial allergies such as hay fever and asthma', 'It is also an effective remedy for the management of sore throat, cough and tonsils']",['Plantago']
66,Wheezal Allium Cepa Dilution 1M,30 ml,135,125.0,https://www.1mg.com/otc/wheezal-allium-cepa-dilution-1m-otc905387,0.0,0,Wheezal Homoeo Pharma,"['It provides effective relief from cold, catarrh and cough and it helps in reducing eye infections', 'It is useful in managing hay fever and is useful in reducing earaches', 'This formula helps relieve shooting sensations in the eustachian tube', 'It helps relieve neuralgic pains and is helpful in chronic traumatic neuritis', 'This formula is indicated for burning pain in the nose, skin, throat, and bladder', 'It fights weakness in both the bladder and urethra', 'It reduces increased urine secretion']",['Bulb of the onion']
68,Dr. Majumder Homeo World Aqua Marina Dilution (30ml Each) 3 CH,2 bottles,520,467.0,https://www.1mg.com/otc/dr.-majumder-homeo-world-aqua-marina-dilution-30ml-each-3-ch-otc869069,0.0,0,Dr. Majumder Homeo World,"['It is helpful for adrenal glands ', 'It reduces the thoracic pain ', 'It relieves itching, and vascular rash on the face, cheeks, chin and palms', 'It reduces and manages bleeding during stool']",[]
70,Lord's Koughcure Tablet,25 gm,150,148.0,https://www.1mg.com/otc/lord-s-koughcure-tablet-otc544787,0.0,0,Lord's Homoeopathic Laboratory Pvt Ltd,"['This tablet can provide relief from dry and irritating cough', 'It may help deal with common flu and fever', 'It can help combat headaches and related discomfort', 'This tablet can be effective in dealing with recurring and continuous cough']","['Ipecacuanha', 'Antimonium tartaricum', 'Bryonia alba', 'Drosera rotundifolia', 'Justicia adhatoda']"
72,Bjain Aletris Farinose Globules 0/6 LM,6 gm,85,79.0,https://www.1mg.com/otc/bjain-aletris-farinose-globules-0-6-lm-otc963779,0.0,0,Bjain Pharmaceuticals Pvt. Ltd.,"['A potent remedy for poor appetite, indigestion, nausea, and vomiting, this medicine helps improve digestive function and promote gastrointestinal comfort', 'Effective in easing diarrhoea and constipation, provides relief from digestive irregularities and contributes to a healthier gut', 'Reduces fatigue and exhaustion by increasing energy levels in the body', 'Addresses weakness of the rectum, providing relief from associated discomfort and promoting better rectal function']",[]
74,Sett Dey Lilium Tigrinum Dilution 200,30 ml,90,72.0,https://www.1mg.com/otc/sett-dey-lilium-tigrinum-dilution-200-otc907060,0.0,0,Sett Dey & Co (Homeo) Lab,"['Sett Dey Lilium Tigrinum is useful in managing pathological conditions of the uterus and ovaries', 'Sett Dey Lilium Tigrinum can be also useful in conditions such as irregular periods and scanty discharge', 'Sett Dey Lilium Tigrinum helps in relieving pain in ovaries and congestion of the uterus', 'It helps relieve pain and congestion in the chest']",['Lilium Tigrinum']
76,Wheezal Barium Carbonicum Globules 0/23 LM,20 gm,180,176.0,https://www.1mg.com/otc/wheezal-barium-carbonicum-globules-0-23-lm-otc885354,0.0,0,Wheezal Homoeo Pharma,"['It can help to improve respiratory health', 'It may help to prevent frequent respiratory infections like tonsillitis', 'It also works effectively to manage heart troubles and degenerative changes of blood vessels']",['Barium Carbonicum']
78,Bjain Argemone Mexicana Globules 0/8 LM,6 gm,85,85.0,https://www.1mg.com/otc/bjain-argemone-mexicana-globules-0-8-lm-otc965993,0.0,0,Bjain Pharmaceuticals Pvt. Ltd.,"['It provides relief from mild to moderate pain anywhere in the body, promoting relaxation and helping in sound sleep', 'It is helpful in dry or whooping cough, providing relief from respiratory infections and associated symptoms', 'It offers on chronic skin conditions like eczema, psoriasis, and herpes with intense itching, dryness, or inflammation', 'It exhibits antispasmodic properties, providing relief from muscular spasms and cramps', 'It helps in gastric problems such as indigestion, constipation, bloating, heartburn, and difficulty in passing gas, promoting digestive comfort']",['Argemone Mexicana extract']
80,Bjain Aegle Folia Globules 0/22 LM,6 gm,85,85.0,https://www.1mg.com/otc/bjain-aegle-folia-globules-0-22-lm-otc965602,0.0,0,Bjain Pharmaceuticals Pvt. Ltd.,"['Good medicine is helpful in managing mind issues like anxiety, panic, improving concentration, alternate constipation and diarrhoea, nausea with vomiting, cold, cough, coryza with increased salivation, and relieves joint pains in arthritis and gout']",[]
82,Bjain Amoora Rohituka Globules 0/19 LM,6 gm,85,79.0,https://www.1mg.com/otc/bjain-amoora-rohituka-globules-0-19-lm-otc964019,0.0,0,Bjain Pharmaceuticals Pvt. Ltd.,"['This homoeopathic medicine is beneficial for inflammation', 'The formulation can help in managing pain', 'Regular consumption may help maintain a healthy nervous system and manage stress providing relaxation', 'It can help in reducing skin and digestive-related concerns with indigestion and heartburn']",[]
84,Bjain Absinthium Dilution 6X,12 ml,90,79.1,https://www.1mg.com/otc/bjain-absinthium-dilution-6x-otc829007,0.0,0,Bjain Pharmaceuticals Pvt. Ltd.,"['It is a highly effective homoeopathy in assisting in the management of epileptic seizures and convulsions, especially in children', 'It can help to manage vertigo with painful headaches in children', 'It is also used for operating conditions associated with cerebral irritation']",['Absinthium']
86,ADEL Dilution Caladium Seg. 6,10 ml,145,145.0,https://www.1mg.com/otc/adel-dilution-caladium-seg.-6-otc770148,4.3,35,Adel Pekana Germany,"['Primarily used for the treatment of sexual and lung disorders in men', 'Effectively cures painful headache and treats conditions related to sexual exhaustion in men', 'It can be used to relieve stomach pain and crams along with nausea and indigestion', 'Reduces swelling of the glands and provides relief from itching of the genitals', 'Highly effective in treating erectile dysfunction and increases libido', 'Relieves itching of the vulva and vagina along with pain in the uterus in pregnant women', 'Relieves oppression and congestion in the chest and treats breathing disorders', 'It is also indicated in reducing heavy sweating and perspiration']",[]
88,Dr. Majumder Homeo World Bryophylum Calcinum(30ml Each) CM,3 bottles,1185,1031.0,https://www.1mg.com/otc/dr.-majumder-homeo-world-bryophylum-calcinum-30ml-each-cm-otc859711,0.0,0,Dr. Majumder Homeo World,"['Effectively helps in case of urinary problems and prevents the risk of formation of stones in the urinary tract', 'Helpful in alleviating skin problems like boils, cuts, and wounds', 'Effective for vaginal disorders and manages ulcers of the stomach', 'Aids in healing wounds and soothing eye pains', 'Helpful in reducing headaches and lowers blood pressure', 'Useful in reducing bleeding due to continuous motions']","['Plant extract of bryophyllum', 'Ethanol']"
90,Bakson's Homeopathy Ferrum Plus Tonic,200 ml,190,171.0,https://www.1mg.com/otc/bakson-s-homeopathy-ferrum-plus-tonic-otc941399,0.0,0,Bakson Drugs & Pharmaceuticals Pvt. ltd.,"['It can help to get relief from anemia and supports the body in restoring healthy iron levels', 'It assists in alleviating weakness and fatigue caused by iron deficiency', 'It contributes to improving circulation and vitality', 'It helps improve appetite and immunity, normalizes haemoglobin & builds up iron stores']",[]
92,Father Muller Staphysagria Dilution Q,30 ml,145,145.0,https://www.1mg.com/otc/father-muller-staphysagria-dilution-q-otc952793,0.0,0,Father Muller Charitable Institutions,"['This formula is used for the management of psychological disorders like anger and irritability', 'This dilution provides relief from sea sickness', 'It helps manage conditions arising out of suppressed anger']",['Satphysagria Seeds']
94,Wheezal WL 63 Drop,30 ml,175,163.0,https://www.1mg.com/otc/wheezal-wl-63-drop-otc940830,0.0,0,Wheezal Homoeo Pharma,"['This medicine manages the production of blood cells', 'It also promotes improved cellular metabolism and oxygenation of cells', 'This drop can be useful in relieving fever, weakness, and fatigue']",['Refer To Label']
96,Wheezal Amyl Nitrosum Dilution 50M,30 ml,325,302.0,https://www.1mg.com/otc/wheezal-amyl-nitrosum-dilution-50m-otc906012,0.0,0,Wheezal Homoeo Pharma,"['The formulation can help reduce hot flashes and sweat', 'It may aid in reducing difficulty in breathing accompanied with shortness of breath and spasmodic breathing', 'It minimises the sensation of throbbing throughout the body']",[]
98,Sett Dey Kalmia Latifolia Dilution 200,30 ml,90,82.8,https://www.1mg.com/otc/sett-dey-kalmia-latifolia-dilution-200-otc906279,0.0,0,Sett Dey & Co (Homeo) Lab,"['The supplement helps manage cervical spondylitis', 'Provides relief from pain of rheumatism', 'Helps in managing spondylitis', 'The formulation helps reduce the pain of the lumbago', 'Helps in managing vertigo and reduces headaches', 'It also aids in gout and helps enhance sleep quality ']",[]
100,Wheezal Desmodium Gangeticum Dilution CM,30 ml,335,311.0,https://www.1mg.com/otc/wheezal-desmodium-gangeticum-dilution-cm-otc915641,0.0,0,Wheezal Homoeo Pharma,[],[]
102,Wheezal Agave Americana Dilution 50M,30 ml,325,302.0,https://www.1mg.com/otc/wheezal-agave-americana-dilution-50m-otc906504,0.0,0,Wheezal Homoeo Pharma,"['Chiefly used to alleviate abdominal pain, deals with poor appetite and conditions associated with constipation', 'Useful in case of hydrophobia accompanied by anxiety and violent pulse rate', 'Helps to reduce gum swelling and bleeding which is accompanied by paleness of the face', 'Helps in healing painful eruptions on the skin', 'Relieves pressure on the bladder that leads to intense pain in the bladder and increased urge to urinate', 'It can be used to relieve pain in the abdomen with conditions of diarrhoea', 'It can be used to treat stomach ulcers and cures conditions associated with tuberculosis', 'Excellent remedy for high fever and provides relief from a toothache']",['Agave Americana']
104,Wheezal Castanea Vesca Dilution 50M,30 ml,325,302.0,https://www.1mg.com/otc/wheezal-castanea-vesca-dilution-50m-otc903870,0.0,0,Wheezal Homoeo Pharma,"['The dilution helps manage dry, spasmodic cough with sore throat', 'It has a potent effect on stomach disorders and helps manage diarrhoea and indigestion', 'It can help greatly in stimulating appetite', 'It is beneficial for the management of urinary infections', 'It contains anti-inflammatory properties and can be used to manage joint disease', 'It helps in managing weakness and pain in the back']",[]
106,LDD Bioscience Sanicula Dilution 10M CH,100 ml,450,450.0,https://www.1mg.com/otc/ldd-bioscience-sanicula-dilution-10m-ch-otc875744,0.0,0,LDD Bioscience Pvt Ltd,"['Used in constipation, extreme pain in the rectal and anal region while passing stool', 'Helps in diarrhoea which is changeable in character and colour', 'Helps in dealing with eczema of hands and fingers and fungal infection on tongue along with soreness behind the ears', 'Helpful for dragging down sensation in lower abdomen and white discharge with fishy odour']",['Sanicula']
108,Bakson's Homeopathy Fooma Aid F2 Drop,30 ml,170,153.0,https://www.1mg.com/otc/bakson-s-homeopathy-fooma-aid-f2-drop-otc941421,0.0,0,Bakson Drugs & Pharmaceuticals Pvt. ltd.,"['It helps in relieving bloating and flatulence', 'It assists in digestion and reduces discomfort after eating', 'It helps to alleviate indigestion and related symptoms', 'Together, these ingredients synergize to restore digestive balance and ease discomfort']",[]
110,Wheezal Chloralum Dilution 1M,30 ml,135,125.0,https://www.1mg.com/otc/wheezal-chloralum-dilution-1m-otc905897,0.0,0,Wheezal Homoeo Pharma,"['It is highly useful in managing central nervous system disorders and ailments associated with it', 'It relieves violent convulsions followed by loss of consciousness', 'This formula combats conditions of speech disorders caused by swelling of the tongue', 'It provides relief from a burning sensation in the throat', 'It can be used to manage stomach disorders such as nausea and vomiting', 'It is helpful in managing urinary disorders including bloody urine and its involuntary discharge']",['Benzinum Nitricum']
112,LDD Bioscience Artemisia Vulgaris Dilution 10M CH,100 ml,450,437.0,https://www.1mg.com/otc/ldd-bioscience-artemisia-vulgaris-dilution-10m-ch-otc874600,0.0,0,LDD Bioscience Pvt Ltd,"['It helps in relieving violent abdominal pain due to irregular menstruation', 'It helps manage irregular menstruation cycle', 'It keeps in check convulsions in suckling or teething children', 'It helps provide long sleep and rests after an episode of fits']",['Artemisia Vulgaris']
114,Sett Dey Antim Crud Dilution 30,30 ml,90,82.0,https://www.1mg.com/otc/sett-dey-antim-crud-dilution-30-otc834572,0.0,0,Sett Dey & Co (Homeo) Lab,"['It can help to boost the digestive system', 'It helps prevent indigestion and gastric complaints', 'It can help to manage skin complaints like dryness, cracks, corns and warts', 'It also helps to manage acne, eczema and urticaria with thick scabs and crusts']",['Antimonium Crudum']
116,Bjain Avena Sativa Globules 0/17 LM,6 gm,85,85.0,https://www.1mg.com/otc/bjain-avena-sativa-globules-0-17-lm-otc970301,0.0,0,Bjain Pharmaceuticals Pvt. Ltd.,"['It acts as a natural sleep help, helping individuals experiencing sleep disturbances to achieve sound and restful sleep', 'It is the best tonic for debility after exhausting ailments, helping in the recovery process and boosting energy levels', 'It supports heart health and helps maintain healthy blood pressure levels, contributing to overall cardiovascular well-being', 'It promotes a sense of calm and relaxation, providing relief from stress, nervous tension, and anxiety', 'It acts as a general tonic for improved energy levels, vitality, and overall health']",['Avena Sativa']
118,Bjain Abroma Radix Globules 0/10 LM,6 gm,85,79.0,https://www.1mg.com/otc/bjain-abroma-radix-globules-0-10-lm-otc963436,0.0,0,Bjain Pharmaceuticals Pvt. Ltd.,"['It can help in balancing normal blood sugar levels', 'Bjain Abroma Radix Globules can help in maintaining digestive and menstrual health', 'This formulation can help in maintaining a healthy weight']",[]
120,Bjain Alfalfa Globules 0/20 LM,6 gm,85,79.0,https://www.1mg.com/otc/bjain-alfalfa-globules-0-20-lm-otc963827,0.0,0,Bjain Pharmaceuticals Pvt. Ltd.,"['Acts as a potent energy booster, rich in nutrients to revitalize and energize the body, helping you feel more active and alert throughout the day', 'Effective in relieving bloating, gas, and indigestion, promoting a healthier digestive system', 'Improves dryness of the skin and eruptions and helps promote healthy, radiant skin by providing essential nutrients and hydration', 'It is also helpful in regulating menstrual disorders']",[]
122,Wheezal Cadmium Sulphuratum Dilution 30,30 ml,100,92.9,https://www.1mg.com/otc/wheezal-cadmium-sulphuratum-dilution-30-otc933067,0.0,0,Wheezal Homoeo Pharma,"['Wheezal Cadmium Sulphuratum Dilution relieves sore throat and persistent sore tickling', 'It helps in the management of opaque corneas and enhances night vision', 'It regulates bowel movements and eases constipation']",['Cadmium sulfuratum']
124,HHP 4 Drop,30 ml,130,126.0,https://www.1mg.com/otc/hhp-4-drop-otc862070,0.0,0,Hahnemann Publishing Co. Pvt. Ltd.,"['It helps to relieve symptoms of sinusitis', 'It helps reduce nasal congestion and inflammation', 'It soothes sinus headaches and feeling of pressure', 'It helps to deal with sneezing and runny nose']","['Euphrasia officinalis', 'Sangunaria canadensis', 'Kali bichrom', 'Gelsemium', 'Sabadilla', 'Teucrium', 'Belladonna', 'Staphysagria']"
126,Bjain Alfalfa Globules 0/27 LM,6 gm,85,79.0,https://www.1mg.com/otc/bjain-alfalfa-globules-0-27-lm-otc963834,0.0,0,Bjain Pharmaceuticals Pvt. Ltd.,"['Acts as a potent energy booster, rich in nutrients to revitalize and energize the body, helping you feel more active and alert throughout the day', 'Effective in relieving bloating, gas, and indigestion, promoting a healthier digestive system', 'Improves dryness of the skin and eruptions and helps promote healthy, radiant skin by providing essential nutrients and hydration', 'It is also helpful in regulating menstrual disorders']",[]
128,LDD Bioscience Codeinum P Dilution 30 CH,30 ml,95,92.2,https://www.1mg.com/otc/ldd-bioscience-codeinum-p-dilution-30-ch-otc841858,0.0,0,LDD Bioscience Pvt Ltd,"['It is used as an alkaloid of opium, and the medicine is beneficial for muscle twitching and body aches', 'Helpful in reducing respiratory disorders like a persistent cough', 'Alleviates conditions like numbness, prickling or trembling body']",['Codenium p']
130,SBL Phytolacca Mother Tincture Q,30 ml,125,125.0,https://www.1mg.com/otc/sbl-phytolacca-mother-tincture-q-otc338432,4.6,16,SBL Pvt Ltd,"['It is primarily used for the treatment of sore throat and glandular swellings', 'It soothes pain and irritation in the throat and provides relief from pain caused while swallowing', 'It is also beneficial in treating rheumatic and arthritic pains', 'Phystolacca removes catabolic waste from the body which cures certain skin conditions that causes pimples and acne', 'It is also an effective remedy for the treatment of severe depression and related psychological and emotional issues']",['Phystolacca Decandra']
132,Dr. Reckeweg Raphanus Sativus Dilution 1000 CH,11 ml,180,180.0,https://www.1mg.com/otc/dr.-reckeweg-raphanus-sativus-dilution-1000-ch-otc331710,0.0,0,Dr Reckeweg & Co,"['Promotes the production of saliva', 'Provides relief from burning sensations and heat in the throat', 'Alleviates burning discomfort in the upper abdomen', 'Eases pain and stitches in the liver and spleen', 'Addresses complaints of bleeding gums and bad breath', 'Helps manage persistent sneezing', 'Effective in managing sore throat, swollen tonsils, and accumulated mucus', 'Provides relief from abdominal discomfort', 'Useful in cases of heavy bleeding during menstruation', 'Helps manage symptoms of frequent urination']",[]
134,Pioneer Pharma Pothos Foetidus Globules Pellet Multidose Pills 6 CH,150 tablets,120,110.0,https://www.1mg.com/otc/pioneer-pharma-pothos-foetidus-globules-pellet-multidose-pills-6-ch-otc890858,0.0,0,Homeotrade,"['Pothos Foetidus may help to alleviate headaches and relieve anxiety', 'The pills may help relieve symptoms of swelling, itching, and redness of the skin', 'The formulation may help manage the enlargement of glands in the throat', 'The ingredients may soothe pain in the throat and prevent numbness in the tongue', 'These pills may manage breathing disorders that cause breathlessness']","['Lactose', 'Ethanol', 'Water']"
136,Pioneer Pharma Bio-Combination No 18 Tablet,450 gm,695,521.0,https://www.1mg.com/otc/pioneer-pharma-bio-combination-no-18-tablet-otc825249,0.0,0,Homeotrade,"['For enlarged glands, including suppurating ones and other vesicular eruptions', 'It aids in managing acute and chronic enlargement of tonsils', 'There is effective action on the hard indurated glands']","['Ferrum phos.3x', 'Kali mur. 3x', 'Silicea 6x', 'Calcarea phos. 3x']"
138,Wheezal Cimicifuga Racemosa Globules 0/2 LM,20 gm,180,174.0,https://www.1mg.com/otc/wheezal-cimicifuga-racemosa-globules-0-2-lm-otc890509,0.0,0,Wheezal Homoeo Pharma,"['This homoeopathy medicine can be helpful in acute and intolerable pains of limbs, muscles, spine or joints', 'It manages ovarian and premenstrual pains in females', 'It helps to prevent nausea, vomiting, uneasiness, depression and throat problems']",['Cimicifuga Racemosa']
140,Wheezal Chininum Sulphuricum Globules 0/29 LM,20 gm,180,174.0,https://www.1mg.com/otc/wheezal-chininum-sulphuricum-globules-0-29-lm-otc890370,0.0,0,Wheezal Homoeo Pharma,"['This medicine can be effective in ailments associated with malaria and pains associated with rheumatism and arthritis', 'It may be used for the sensitive spine with chronic pain or pressure', 'This homoeopathy medicine helps to reduce pain in the cervical vertebrate which extends to the head and neck', 'It helps to manage urinary disorders such as dark, blood urine with increased uric acid in the urine and increased flow and frequency']",['Chininum Sulphuricum']
142,Wheezal Cimicifuga Racemosa Globules 0/21 LM,20 gm,180,174.0,https://www.1mg.com/otc/wheezal-cimicifuga-racemosa-globules-0-21-lm-otc890528,0.0,0,Wheezal Homoeo Pharma,"['This homoeopathy medicine can be helpful in acute and intolerable pains of limbs, muscles, spine or joints', 'It manages ovarian and premenstrual pains in females', 'It helps to prevent nausea, vomiting, uneasiness, depression and throat problems']",['Cimicifuga Racemosa']
144,Dr. Majumder Homeo World Aralia Racemosa Dilution (30 ml Each) 1M,1 Bottle,295,271.0,https://www.1mg.com/otc/dr.-majumder-homeo-world-aralia-racemosa-dilution-30-ml-each-1m-otc869310,0.0,0,Dr. Majumder Homeo World,"['It is helpful in relieving the asthmatic condition', 'It is useful in reducing frequent motions', 'It manages high fever and frequent sneezing', 'It is useful for regulating menses and leucorrhea ']",[]
146,Wheezal Plumbum Metallicum Globules 0/4 LM,20 gm,180,176.0,https://www.1mg.com/otc/wheezal-plumbum-metallicum-globules-0-4-lm-otc897767,0.0,0,Wheezal Homoeo Pharma,"['The formulation can help manage muscular weakness', 'It might aid in relieving constipation', 'It helps manage difficulty in walking and coordination of limbs', 'It assists in reducing gout and cramps in calves', 'It helps prevent loss of knee reflex', 'It can help manage gum swelling ']",[]
148,Dr. Reckeweg Teucrium M V Dilution 10M CH,11 ml,215,215.0,https://www.1mg.com/otc/dr.-reckeweg-teucrium-m-v-dilution-10m-ch-otc376125,4.4,32,Dr Reckeweg & Co,"['This formula is beneficial in dry cough, tickling sensation in the trachea, mouldy taste in the throat when hawking up mucus, and profuse expectoration', 'It can also be helpful in mucous polyps and chronic catarrh with the discharge of large, irregular clinkers', 'It helps reduce itching of the anus and constant irritation in the evening in bed', 'This product is also helpful in ascarid infestation, with nightly restlessness', 'It may also help to manage ozaena, loss of sense of smell, and pain in toenails as if they had grown into flesh']",[]
150,Wheezal Dilution Geranium Mac. 1M,30 ml,145,135.0,https://www.1mg.com/otc/wheezal-dilution-geranium-mac.-1m-otc917626,0.0,0,Wheezal Homoeo Pharma,"['Regulates menstrual cycles and alleviates symptoms of menstrual disorders such as irregular periods, excessive bleeding, and menstrual cramps', 'Provides relief from respiratory ailments like cough, cold, bronchitis, and asthma by reducing inflammation and promoting clear airways', 'Supports skin health and aids in the management of various skin conditions such as acne, eczema, and dermatitis by soothing irritation and promoting regeneration', 'Acts as a natural astringent and anti-inflammatory agent, making it beneficial for wound healing and reducing inflammation in the body', 'Helps alleviate symptoms of anxiety, depression, and stress, promoting emotional well-being and mental clarity']",[]
152,Wheezal Colchicum Autumnale Dilution 10M,30 ml,275,255.0,https://www.1mg.com/otc/wheezal-colchicum-autumnale-dilution-10m-otc930449,0.0,0,Wheezal Homoeo Pharma,"['The product is useful in the case of weak memory, pains in the eyes, discharge from the ears, with drawing pains', 'It assists in providing relief in pains in the gums and sensation of dryness of the tongue and throat', 'It is beneficial in the case of gas in stomach or abdomen, white or bloody mucous discharges, urine loaded with albumen', 'It helps in dealing with tearings in the arms, the hands, and the fingers']",['Colchicum Autumnale']
154,Dr Willmar Schwabe India Tuberculinum Dilution 200 CH,30 ml,120,120.0,https://www.1mg.com/otc/dr-willmar-schwabe-india-tuberculinum-dilution-200-ch-otc406458,4.0,28,Dr Willmar Schwabe India Pvt Ltd,"['Helps in curing vomiting and nausea', 'Treats headache and migraine', 'Useful in case of tuberculosis', 'Helps in treating loose motions', 'Cures TB of joints and ring worm', 'Helps in curing eczema', 'Improves breathlessness', 'Cures cough with sputum']","['Nosode (bovine TB)', 'Ethanol', 'Water']"
156,LDD Bioscience Ceanonthus Americanus Dilution 30 CH,30 ml,95,92.2,https://www.1mg.com/otc/ldd-bioscience-ceanonthus-americanus-dilution-30-ch-otc841693,0.0,0,LDD Bioscience Pvt Ltd,"['It is beneficial for liver and spleen disorders', 'It may help in chills, malaria, fever etc', 'It may also have blood pressure lowering properties', 'It has anti-hypertensive properties']",['Ceanonthus americanus']
158,Bjain Collinsonia Canadensis Globules 0/22 LM,6 gm,85,74.7,https://www.1mg.com/otc/bjain-collinsonia-canadensis-globules-0-22-lm-otc833087,0.0,0,Bjain Pharmaceuticals Pvt. Ltd.,"['Effective in dealing with issues of piles and constipation', 'Useful for respiratory tract problems like cough, sore throat and pharyngitis', 'Helps to relieve headaches, period pain and swelling', 'Helpful for conditions of diarrhoea and rheumatic disorders']",['Collinsonia canadensis']
160,Dr. Majumder Homeo World Argentum Iodatum Dilution (30 ml Each) 12 CH,6 bottles,1560,1560.0,https://www.1mg.com/otc/dr.-majumder-homeo-world-argentum-iodatum-dilution-30-ml-each-12-ch-otc869872,0.0,0,Dr. Majumder Homeo World,"['It provides relief in cases when catarrh becomes chronic', 'It reduces throat rashes and other problems', 'It aids in getting rid of respiratory tract ailments', 'It provides relief from lung infections', 'It gives relief in case of acute or chronic head congestion']",[]
162,Dr. Majumder Homeo World Aloe Socotrina Dilution (30ml Each) 1M,6 bottles,1770,1770.0,https://www.1mg.com/otc/dr.-majumder-homeo-world-aloe-socotrina-dilution-30ml-each-1m-otc862483,0.0,0,Dr. Majumder Homeo World,"['Highly effective in relieving painful headaches and migraine accompanied by nausea', 'Effective in dealing with gastric disorders including flatulence and indigestion', 'Relieves stomach pain and acts as a laxative to alleviate constipation and rectal pain', 'It can be used to relieve irritation in the rectum and conditions of haemorrhoids', 'May help in case of abnormal menses characterised by pain in the pelvis and profuse bleeding', 'Helps in reducing irritability and depression ', 'It can also be used for respiratory disorders including sore throat and cough']",['Aloe Socotrina']
164,Bjain Abroma Radix Globules 0/22 LM,6 gm,85,85.0,https://www.1mg.com/otc/bjain-abroma-radix-globules-0-22-lm-otc963448,0.0,0,Bjain Pharmaceuticals Pvt. Ltd.,"['It can help in balancing normal blood sugar levels', 'Bjain Abroma Radix Globules can help in maintaining digestive and menstrual health', 'This formulation can help in maintaining a healthy weight']",[]
166,Organon Belladonna Dilution 30,10 ml,42,42.0,https://www.1mg.com/otc/organon-belladonna-dilution-30-otc919752,0.0,0,Organon Homoeo Laboratory Pvt Ltd.,"['It is useful in the reduction of gastrointestinal spasms', 'It soothes severe discomfort in the stomach produced by an excess of digestive acid in the stomach', 'It helps in relieving bladder and biliary tract problems', ""It's also used to treat digestive and urinary tract problems"", 'It may help people dealing with rheumatic and arthritic aches']",['Belladonna']
168,Bjain Avena Sativa Globules 0/15 LM,6 gm,85,85.0,https://www.1mg.com/otc/bjain-avena-sativa-globules-0-15-lm-otc970299,0.0,0,Bjain Pharmaceuticals Pvt. Ltd.,"['It acts as a natural sleep help, helping individuals experiencing sleep disturbances to achieve sound and restful sleep', 'It is the best tonic for debility after exhausting ailments, helping in the recovery process and boosting energy levels', 'It supports heart health and helps maintain healthy blood pressure levels, contributing to overall cardiovascular well-being', 'It promotes a sense of calm and relaxation, providing relief from stress, nervous tension, and anxiety', 'It acts as a general tonic for improved energy levels, vitality, and overall health']",['Avena Sativa']
170,Wheezal Allium Cepa 0/15 LM,20 gm,180,180.0,https://www.1mg.com/otc/wheezal-allium-cepa-0-15-lm-otc877557,0.0,0,Wheezal Homoeo Pharma,"['Wheezal Allium Cepa helps to reduce cough problems', 'This product can be useful for sinusitis, allergies, and the symptoms of hay fever', 'It relieves you from sneezing', 'It provides relief from congestion in the chest']",['Allium Cepa']
172,Bjain Abroma Radix Globules 0/14 LM,6 gm,85,85.0,https://www.1mg.com/otc/bjain-abroma-radix-globules-0-14-lm-otc963440,0.0,0,Bjain Pharmaceuticals Pvt. Ltd.,"['It can help in balancing normal blood sugar levels', 'Bjain Abroma Radix Globules can help in maintaining digestive and menstrual health', 'This formulation can help in maintaining a healthy weight']",[]
174,Bjain Abroma Radix Globules 0/12 LM,6 gm,85,85.0,https://www.1mg.com/otc/bjain-abroma-radix-globules-0-12-lm-otc963438,0.0,0,Bjain Pharmaceuticals Pvt. Ltd.,"['It can help in balancing normal blood sugar levels', 'Bjain Abroma Radix Globules can help in maintaining digestive and menstrual health', 'This formulation can help in maintaining a healthy weight']",[]
176,Dr. Reckeweg Arsenicum Album Dilution 1M,100 ml,975,975.0,https://www.1mg.com/otc/dr.-reckeweg-arsenicum-album-dilution-1m-otc940858,0.0,0,Dr Reckeweg & Co,"['Arsenicum Album Dilution is believed to provide relief from acidity and indigestion, particularly when caused by exposure to cold food items or drinks', 'It may help relieve stress and anxiety, providing a calming effect on the nervous system', 'It is considered beneficial for respiratory ailments such as cough, wheezing, sore throat, and breathing difficulties, particularly those triggered by cold exposure', 'Arsenicum Album Dilution is believed to aid in healing skin-related symptoms such as ulcers and pustules', 'The solution is suggested to help minimize oedema and swelling, potentially contributing to the resolution of inflammation', 'It is claimed to help reduce elevated body temperature and weakness following an illness, promoting a faster recovery', 'Arsenicum Album Dilution may be used to boost immunity against infections, although the specific mechanisms are not well-established']",['Arsenicum album']
178,Boericke Abrus Precatorius Dilution (30ml Each) 50M,3 bottles,1065,1065.0,https://www.1mg.com/otc/boericke-abrus-precatorius-dilution-30ml-each-50m-otc866788,0.0,0,Boericke Homoeo Pharmacy,"[""Boericke's Abrus Precatorius Dilution is beneficial for managing skin-related issues"", 'It helps in relieving conjunctivitis and inflammation on the face and neck', 'It may also prove helpful in ulcers, lupus and granular lids']",['Abrus Precatorius']
180,Bjain Achyranthes Aspera Globules 0/18 LM,6 gm,85,85.0,https://www.1mg.com/otc/bjain-achyranthes-aspera-globules-0-18-lm-otc963636,0.0,0,Bjain Pharmaceuticals Pvt. Ltd.,"['Regular consumption can help in maintaining healthy metbolism', 'It can help in relieving digestive concerns such as indigestion and acidity', 'Bjain Acidum Aceticum Globules can help in managing respiratory concerns like cold and cough']",[]
182,Wheezal Skookum Chuck Trituration Tablet 3X,25 gm,180,180.0,https://www.1mg.com/otc/wheezal-skookum-chuck-trituration-tablet-3x-otc842462,0.0,0,Wheezal Homoeo Pharma,"['It is useful in relieving skin dryness, scaly skin, eczema, psoriasis, and other skin diseases', 'Profuse coryza with constant sneezing as in hay fever is relieved by Skookum', 'It is also indicated for swelling in the middle portion of the ear']",['Skookum chuck']
184,Wheezal Colocynthis Dilution 10M,30 ml,275,275.0,https://www.1mg.com/otc/wheezal-colocynthis-dilution-10m-otc932103,0.0,0,Wheezal Homoeo Pharma,[],[]
186,Bjain Avena Sativa Globules 0/26 LM,6 gm,85,85.0,https://www.1mg.com/otc/bjain-avena-sativa-globules-0-26-lm-otc970310,0.0,0,Bjain Pharmaceuticals Pvt. Ltd.,"['It acts as a natural sleep help, helping individuals experiencing sleep disturbances to achieve sound and restful sleep', 'It is the best tonic for debility after exhausting ailments, helping in the recovery process and boosting energy levels', 'It supports heart health and helps maintain healthy blood pressure levels, contributing to overall cardiovascular well-being', 'It promotes a sense of calm and relaxation, providing relief from stress, nervous tension, and anxiety', 'It acts as a general tonic for improved energy levels, vitality, and overall health']",['Avena Sativa']
188,Bjain Aegle Marmelos Globules 0/1 LM,6 gm,85,85.0,https://www.1mg.com/otc/bjain-aegle-marmelos-globules-0-1-lm-otc965615,0.0,0,Bjain Pharmaceuticals Pvt. Ltd.,"['This is a good remedy for conjunctivitis with redness of the eyes along with excessive lachrymation from the eyes, curing rhinitis and sinusitis with sneezing and stoppage of nose, chronic diarrhoea and constipation including stool with loose mucus']",[]
190,Bjain Antimonium Tartaricum Globules 0/21 LM,6 gm,85,85.0,https://www.1mg.com/otc/bjain-antimonium-tartaricum-globules-0-21-lm-otc830854,0.0,0,Bjain Pharmaceuticals Pvt. Ltd.,"['This formula is beneficial in cases of cold and cough', 'It helps minimise nausea, vomiting and alcoholic liver problems', 'It helps to ease out mucus and cough', 'It relieves the pain of shortness of breath during cough and congestion']",['Antimonium tartaricum']
192,REPL Dr. Advice No.60 Locomotor Ataxia Drop,30 ml,180,180.0,https://www.1mg.com/otc/repl-dr.-advice-no.60-locomotor-ataxia-drop-otc339395,0.0,0,Renovision Exports Pvt Ltd,[],[]
194,Sett Dey Anthracinum Dilution 200,30 ml,90,90.0,https://www.1mg.com/otc/sett-dey-anthracinum-dilution-200-otc899253,0.0,0,Sett Dey & Co (Homeo) Lab,"['Soothes burning sensation in the skin', 'Effective in malignant ulcers and carbuncles', 'Provides relief in the cellular tissue indurations', 'Relieves severe pain in the head', 'Curbs insect stings and bites', 'Improves the emotional state and uplifts the mood']",[]
196,Rxhomeo Uranium Nitricum 1M,250 pellets,150,150.0,https://www.1mg.com/otc/rxhomeo-uranium-nitricum-1m-otc868553,0.0,0,Rxhomeo Private Limited,"['It is lactose-free pellets that dissolve instantly', 'It has no side effects and no drug interactions', 'It is useful for diuretics, emaciation, enuresis, and glycosuria']",[]
198,Rxhomeo Actaea Spicata 1M Pellets,250 pellets,150,150.0,https://www.1mg.com/otc/rxhomeo-actaea-spicata-1m-pellets-otc856839,0.0,0,Rxhomeo Private Limited,"['Actaea Spicata is a suitable remedy for joint rheumatism and especially rheumatism of the small joints', 'Rheumatic pain in small joints, like wrist, fingers, ankles, and toes can be managed by this medicine', 'Actaea Spicata has a special affinity for the rheumatism of the wrist joint', 'It also helps when the joints start aching and there is swelling from slight fatigue and there is extreme tenderness', 'It also helps when joints are tender to touch with weakness and tingling. It can be effective when the right arm and right wrist are especially affected and also the wrist is swollen, and red, and the pain is worse from any motion', 'It relieves pains that are of a violent, tearing, drawing character', 'Actaea Spicata also helps with writers cramps. There is also tearing pain in the loins', 'It can be safely used along with other medications', 'Lactose-free pellets dissolve instantly']",['Actaea Spicata']
200,Dr. Majumder Homeo World Brahmi Dilution(30ml Each) 50M,6 bottles,2130,2130.0,https://www.1mg.com/otc/dr.-majumder-homeo-world-brahmi-dilution-30ml-each-50m-otc859444,0.0,0,Dr. Majumder Homeo World,"['Effective in enhancing overall brain activity and also relieve throbbing pain in the head', 'It is helpful in fighting stress and in relieving anxiety', 'Provides effective relief from pain in the joints, backache, and hoarseness', 'Also useful in conditions associated with convulsion', ""It's helpful in increasing T3 and T4 levels in the blood"", 'May help to improve female reproductive health']",['Bacopa Monnieri']
202,Combo Pack of SBL Nux Vomica Dilution 200 CH & SBL Arnica Montana Dilution 200 CH (30ml Each),2 bottles,240,240.0,https://www.1mg.com/otc/combo-pack-of-sbl-nux-vomica-dilution-200-ch-sbl-arnica-montana-dilution-200-ch-30ml-each-otc861564,4.6,5722,,"['Helps improve mood swings and anger', 'Elevates mood, corrects irritable feelings and sulky mood', 'Soothes severe headaches after sun exposure or alcohol-related hangover', 'Corrects sensitivity issues in eyes and soothes irritation', 'Improves symptoms of cough, cold, and constant sneezing', 'Heals ulcers in the mouth accompanied by dryness', 'Alleviates tooth sensitivity after consuming cold food items', 'The dilution can help reduce pain in the head', 'It may alleviate the heaviness of eyes', 'It can minimise burning and heat of the head with cold spots on the forehead', 'It might be useful in promoting the growth of hair', 'It can help reduce soreness of gums after teeth extraction', 'It may aid in reducing red, an inflamed eye with pain and discharge from the eyes', 'It alleviates burning in the nose with difficulty in breathing', 'It helps reduce shooting pain in and around the ear after injury', 'It can help improve burning in the throat with uneasiness and sore feeling']",[]
204,Wheezal Naphthalinum CM Dilution,30 ml,335,335.0,https://www.1mg.com/otc/wheezal-naphthalinum-cm-dilution-otc928342,0.0,0,Wheezal Homoeo Pharma,"['Naphthalinum is highly effective in skin disorders', 'It addresses kidney disorders', 'It improves impaired vision and corneal blurriness', 'It alleviates urinary infections', 'It eases chest and stomach soreness', 'It deals with bronchitis and cough']",[]
206,Wheezal Skookum Chuck Dilution 30,30 ml,100,100.0,https://www.1mg.com/otc/wheezal-skookum-chuck-dilution-30-otc926648,0.0,0,Wheezal Homoeo Pharma,"['It is an anti-psoric remedy and has a special affinity for the skin and mucus membranes', 'It helps manage skin disorders such as eczema, urticaria, lithemia, vaccinal eczema, and dry skin', 'It is useful in hay fever, profuse coryza, and constant sneezing', 'It is also beneficial in catarrh, profuse, ichorous, cadaverously smelling discharge, and otitis media']",[]
208,Sett Dey Vipera Dilution 200,30 ml,90,90.0,https://www.1mg.com/otc/sett-dey-vipera-dilution-200-otc909626,0.0,0,Sett Dey & Co (Homeo) Lab,"['Helps manage swelling of salivary glands, of mouth and throat, with dryness, which causes difficult swallowing food', 'Also relieves involuntary micturition', 'Deals with swollen veins boils, blisters about the bite, bursting and leaving an ulceration', 'Aids in bleeding from the nose, with vertigo, acid burning in lips, mouth, and throat']",[]
210,Pioneer Pharma Alloxanum Globules Pellets Multidose Pills 1000 CH,150 tablets,150,150.0,https://www.1mg.com/otc/pioneer-pharma-alloxanum-globules-pellets-multidose-pills-1000-ch-otc904804,0.0,0,Homeotrade,"['It is highly effective in providing relief from conditions of abnormal increase of appetite', 'It can help to relieve vertigo caused due to discomfort in the stomach and pain in the abdominal region', 'It is an excellent remedy to correct painful urination along with foul-smelling urine', 'It also restricts the urge to urinate frequently, especially at night', 'It can be used to promote faster conditioning of cuts and wounds', 'It can also be used to prevent irritation in the eyes and blurring of vision']",['Alloxan']
212,Sett Dey Caladium Seguinum Dilution 1M,30 ml,105,105.0,https://www.1mg.com/otc/sett-dey-caladium-seguinum-dilution-1m-otc903165,0.0,0,Sett Dey & Co (Homeo) Lab,"['Primarily used for the management of sexual health in men', 'Effectively reduces painful headaches', 'It is also indicated in reducing heavy sweating and perspiration']",[]
214,ADEL Ratanhia Peruviana Mother Tincture Q,20 ml,300,300.0,https://www.1mg.com/otc/adel-ratanhia-peruviana-mother-tincture-q-otc328808,0.0,0,Adel Pekana Germany,"['Used for fissures of the anus with great sensitiveness of rectum', 'Reduces pain after stool', 'Helps in removing pinworms with itching of anus', 'Helps in fissures of nipples in nursing women', 'Relieves burning sensation after stool', 'Improves hard stool without much straining', 'Relieves toothache during early months of pregnancy', 'Useful in hemorrhoids or piles which protrude during stool and is followed by long-lasting, aching and burning in anus']","['Ratanhia', 'Alcohol', 'water']"
216,ADEL Melilotus Off Dilution 200,10 ml,165,165.0,https://www.1mg.com/otc/adel-melilotus-off-dilution-200-otc332897,0.0,0,Adel Pekana Germany,"['Provides relief in Nervous problems such as hallucinations, fickle mind, unconsciousness, fear of talking loudly', 'Relieves severe constipation and infantile spasms', 'Helps in treating Respiratory tract problems', 'Helps relieve the pain in the head', 'Treats nausea, uterus and liver problems in women']",['Melilotus Officinalis (Yellow sweet clover)']
218,Dr Willmar Schwabe India Borax Trituration Tablet 6X,20 gm,160,160.0,https://www.1mg.com/otc/dr-willmar-schwabe-india-borax-trituration-tablet-6x-otc400833,0.0,0,Dr Willmar Schwabe India Pvt Ltd,"['Helps treat severe ulceration of the mouth and throat which bleeds upon touching or eating', 'Effectively treats urinary infections and inflammatory diseases of kidneys with albuminuria, casts and smarting pain in urethra', 'In females, it provides relief from intense itching of the vulva with profuse leucorrhoea. It can hel[ in treating increased secretion of breast milk with pain in the breast', 'Treats premature menses with menses too early and profuse with membranous shreds, colic, nausea and pain in stomach', 'Provides relief from eczema of the vulva with severe itching and labour pains with constant belching', 'Helps treat scaly eruptions with inflammation and redness, reddish areas on the face, vesicular eruptions along the nerve and reddish patches on the skin']",['Borax']
220,"Combo Pack of SBL Syzygium Jambolanum Mother Tincture Q, SBL Cephalandra Indica Mother Tincture Q & SBL Gymnema Sylvestre Mother Tincture Q (30ml Each)",3 bottles,325,325.0,https://www.1mg.com/otc/combo-pack-of-sbl-syzygium-jambolanum-mother-tincture-q-sbl-cephalandra-indica-mother-tincture-q-sbl-gymnema-sylvestre-mother-tincture-q-30ml-each-otc861447,4.6,2195,,"['It helps regulate and monitor high blood sugar levels', 'Aids in reducing raised blood sugar levels', 'Useful for skin conditions like ulcers and red papules', 'Reduces stomach discomforts like indigestion and diarrhoea', 'Helpful for symptoms related to high blood sugar levels, like an excessive urge to urinate and increased appetite and thirst', 'Reduces weakness and fatigue associated with the increased blood sugar level', 'The gymnemic acids block the sweetness receptors in the taste buds and help reduce sweet food intake', 'It can help increase insulin release by the pancreas', 'It may promote cell regeneration of pancreatic islets which are responsible for producing insulin', 'It might help manage and maintain a healthy weight', 'An effective remedy for the treatment of mouth ulcers', 'It can be used for the treatment of skin disorders such as boils and eruptions', 'Helps in the treatment of gout and cough problems', 'Acts as a detoxifier and relieves kidney ailments and removes toxins through urine', 'Treats symptoms of diabetes such as eruptions on the skin', 'Helps regulates and controls glucose in urine', 'Highly effective in the controlling pulsating nerves', 'Helpful in providing relief from itchiness in the eyes and dryness in the mouth', 'Useful for patients suffering from loss of appetite', 'Effective in reducing blood sugar levels']","['Extract of perennial woody vine', 'Ethanol', 'Water']"
222,Lord's Ars Sulph Flav Trituration Tablet 3X,25 gm,190,190.0,https://www.1mg.com/otc/lord-s-ars-sulph-flav-trituration-tablet-3x-otc559665,0.0,0,Lord's Homoeopathic Laboratory Pvt Ltd,"['The supplement can aid in dealing with dry skin or scalp, improving the moisture level of the skin', 'It, can manage psoriasis and vitiligo', 'The tablet can aid in assuaging the appearance of white spots on skin', 'It can also help in relieving anxiety, depression and sciatica']",['Arsenicum sulph flavum']
224,Dr. Reckeweg Iris Versicolor Mother Tincture Q,20 ml,315,315.0,https://www.1mg.com/otc/dr.-reckeweg-iris-versicolor-mother-tincture-q-otc376173,0.0,0,Dr Reckeweg & Co,[],[]
226,Wheezal Picrotoxinum Dilution CM,30 ml,335,335.0,https://www.1mg.com/otc/wheezal-picrotoxinum-dilution-cm-otc933409,0.0,0,Wheezal Homoeo Pharma,"['It is indicated for addressing certain neurological symptoms such as vertigo and dizziness', 'It may assist in managing symptoms related to alcohol withdrawal', 'It could have potential benefits in addressing symptoms of epilepsy and other related neurological conditions', 'It might aid in managing symptoms associated with spasms and convulsions', 'It is indicated for certain types of headaches', 'It may offer support in cases of muscle stiffness and tremors']",['Picrotoxinum']
228,Wheezal Amyl Nitrosum Dilution 10M,30 ml,275,275.0,https://www.1mg.com/otc/wheezal-amyl-nitrosum-dilution-10m-otc906008,0.0,0,Wheezal Homoeo Pharma,"['The formulation can help reduce hot flashes and sweat', 'It may aid in reducing difficulty in breathing accompanied with shortness of breath and spasmodic breathing', 'It minimises the sensation of throbbing throughout the body']",[]
230,REPL Dr. Advice No.135 Tocorel Drop,30 ml,170,170.0,https://www.1mg.com/otc/repl-dr.-advice-no.135-tocorel-drop-otc901272,0.0,0,Renovision Exports Pvt Ltd,"['This product can be helpful in inflammation of the tear gland (lacrimal gland)', 'It can be helpful in the problem of watery eyes, conjunctivitis, and regular tearing', 'It also helps with the problem of ringing in the ears', 'It may help in the discharge of acidic substances']",[]
232,Wheezal Chamomilla Globules 0/19 LM,20 gm,180,180.0,https://www.1mg.com/otc/wheezal-chamomilla-globules-0-19-lm-otc889754,0.0,0,Wheezal Homoeo Pharma,"['The supplement helps improve metabolism', 'It may helps promotes appetite', 'It helps in improving digestion and develops immunity of the child', 'Effective for debility, emaciation', 'Useful for assimilation of nutrients in the body cells']",[]
234,LDD Bioscience Glonoinum Dilution 10M CH,100 ml,450,450.0,https://www.1mg.com/otc/ldd-bioscience-glonoinum-dilution-10m-ch-otc876522,0.0,0,LDD Bioscience Pvt Ltd,"['It can help in managing chronic headache with a throbbing and pulsating sensation', 'It may help to reduce dizziness and heaviness in the head', 'It may help in managing vision-related disorders such as the smaller appearance of letters', 'It may relieve palpitations of heart and breathing difficulties', 'It can help in reducing the throbbing sensation in the body']",['Glonoinum']
236,Wheezal Agnus Castus 0/12 LM,20 gm,180,180.0,https://www.1mg.com/otc/wheezal-agnus-castus-0-12-lm-otc876039,0.0,0,Wheezal Homoeo Pharma,"['It may strengthen the muscles and tissues', 'It may increase stamina', 'It is beneficial in boosting stamina and power', 'It helps with male sexual health']",['Agnus Castus']
238,Wheezal Agaricus Muscarius 0/27 LM,20 gm,180,180.0,https://www.1mg.com/otc/wheezal-agaricus-muscarius-0-27-lm-otc868930,0.0,0,Wheezal Homoeo Pharma,"['Relieves burning and itching of the ears with twitching of the muscles around the ears', 'Helps manage irritation of the nose with spasmodic sneezing with nose bleeds', 'Provides effective relief from facial neuralgia', 'Useful in vesicular eruptions on the lips with ulcers of the mouth', 'It can be used for managing conditions of frequent urination with burning pain in the urethra', 'In females, it helps in managing premature menses with spasmodic pains in the genitals and the back']",[]
